City_ID,City,Lat,Lng,Max Temp,Humidity,Cloudiness,Wind Speed,Country,Date
0,Smithers,54.7804,-127.1743,37.72,87,75,4.61,CA,2022-01-30 01:17:11
1,Punta Arenas,-53.15,-70.9167,50.11,57,0,16.11,CL,2022-01-30 01:17:12
2,Mahebourg,-20.4081,57.7,79.09,78,20,3.44,MU,2022-01-30 01:17:12
3,Jamestown,42.097,-79.2353,4.32,85,0,8.05,US,2022-01-30 01:16:40
4,Ushuaia,-54.8,-68.3,44.26,87,100,0.0,AR,2022-01-30 01:12:57
5,Fortuna,40.5982,-124.1573,54.09,81,0,0.0,US,2022-01-30 01:17:13
6,Rikitea,-23.1203,-134.9692,76.98,71,100,8.48,PF,2022-01-30 01:17:13
7,Kahama,-3.8333,32.6,63.95,89,100,2.82,TZ,2022-01-30 01:17:13
8,Hobart,-42.8794,147.3294,77.02,52,20,1.99,AU,2022-01-30 01:15:02
9,Yellowknife,62.456,-114.3525,-14.28,76,40,4.61,CA,2022-01-30 01:16:04
10,Verkhnevilyuysk,63.4453,120.3167,-20.63,99,91,4.81,RU,2022-01-30 01:12:32
11,Paita,-5.0892,-81.1144,73.96,78,30,9.62,PE,2022-01-30 01:17:14
12,Svetlogorsk,52.6333,29.7333,26.47,95,100,18.34,BY,2022-01-30 01:17:14
13,Kruisfontein,-34.0033,24.7314,58.89,91,3,4.36,ZA,2022-01-30 01:12:53
14,Mataura,-46.1927,168.8643,56.73,99,100,2.64,NZ,2022-01-30 01:13:02
15,Saint-Philippe,-21.3585,55.7679,76.55,83,75,10.29,RE,2022-01-30 01:17:15
16,Dingle,10.9995,122.6711,81.54,77,3,2.91,PH,2022-01-30 01:14:06
17,Esperance,-33.8667,121.9,77.54,49,2,9.01,AU,2022-01-30 01:14:59
18,Dunedin,-45.8742,170.5036,58.03,92,100,4.65,NZ,2022-01-30 01:17:15
19,Thompson,55.7435,-97.8558,-12.84,77,20,0.0,CA,2022-01-30 01:14:51
20,Souillac,-20.5167,57.5167,79.18,78,20,3.44,MU,2022-01-30 01:17:16
21,Busselton,-33.65,115.3333,77.09,60,7,13.0,AU,2022-01-30 01:17:16
22,Ribeira Grande,38.5167,-28.7,58.68,75,98,4.65,PT,2022-01-30 01:17:16
23,Kaitangata,-46.2817,169.8464,56.28,96,100,5.35,NZ,2022-01-30 01:16:21
24,Saint George,37.1041,-113.5841,53.64,17,0,1.01,US,2022-01-30 01:17:17
25,Iqaluit,63.7506,-68.5145,-13.27,70,100,6.91,CA,2022-01-30 01:17:17
26,Allonnes,47.9674,0.1581,48.24,93,100,3.44,FR,2022-01-30 01:17:18
27,Salisbury,51.0693,-1.7957,41.02,87,12,3.44,GB,2022-01-30 01:17:18
28,Bredasdorp,-34.5322,20.0403,65.28,94,5,3.44,ZA,2022-01-30 01:17:18
29,Kavaratti,10.5669,72.642,80.82,71,92,8.39,IN,2022-01-30 01:17:19
30,Asau,46.4333,26.4,34.39,66,100,10.49,RO,2022-01-30 01:17:19
31,Natal,-5.795,-35.2094,75.85,94,75,4.61,BR,2022-01-30 01:14:30
32,Qaanaaq,77.484,-69.3632,3.94,90,100,11.12,GL,2022-01-30 01:17:19
33,Bonoua,5.2741,-3.595,80.22,90,84,1.28,CI,2022-01-30 01:17:20
34,Atuona,-9.8,-139.0333,77.77,79,22,12.01,PF,2022-01-30 01:17:20
35,Codrington,-38.2667,141.9667,71.76,74,100,8.05,AU,2022-01-30 01:17:21
36,Aksarka,66.5606,67.7975,-18.11,100,98,6.51,RU,2022-01-30 01:17:21
37,Khatanga,71.9667,102.5,-6.61,97,97,8.03,RU,2022-01-30 01:17:21
38,Albany,42.6001,-73.9662,8.51,60,100,11.99,US,2022-01-30 01:14:00
39,Arraial Do Cabo,-22.9661,-42.0278,74.71,94,100,11.63,BR,2022-01-30 01:17:22
40,Daru,-9.0763,143.2092,79.63,81,100,9.8,PG,2022-01-30 01:17:22
41,Hermanus,-34.4187,19.2345,65.8,83,1,10.89,ZA,2022-01-30 01:17:23
42,Rio Grande,-32.035,-52.0986,70.95,65,25,13.0,BR,2022-01-30 01:13:43
43,Hofn,64.2539,-15.2082,31.46,60,100,6.71,IS,2022-01-30 01:17:23
44,Lunenburg,44.3835,-64.3155,32.22,94,100,4.61,CA,2022-01-30 01:17:23
45,Kachiry,53.0675,76.1036,-3.8,93,11,7.18,KZ,2022-01-30 01:17:24
46,Kachug,53.9606,105.8817,-21.73,100,100,0.74,RU,2022-01-30 01:17:24
47,Naze,28.3667,129.4833,58.12,77,99,12.93,JP,2022-01-30 01:17:24
48,San Policarpo,12.1791,125.5072,80.04,84,10,4.65,PH,2022-01-30 01:17:25
49,Chillan,-36.6066,-72.1034,61.12,82,0,9.22,CL,2022-01-30 01:17:25
50,Narsaq,60.9167,-46.05,12.42,94,100,12.17,GL,2022-01-30 01:17:25
51,Sile,41.1754,29.6133,36.57,65,19,2.44,TR,2022-01-30 01:17:25
52,Grand Gaube,-20.0064,57.6608,79.2,78,100,1.01,MU,2022-01-30 01:14:48
53,Yining,29.0361,114.5636,37.0,92,84,1.5,CN,2022-01-30 01:17:26
54,Dangriga,16.9692,-88.2321,70.99,78,100,15.19,BZ,2022-01-30 01:17:26
55,Comodoro Rivadavia,-45.8667,-67.5,69.66,37,0,29.93,AR,2022-01-30 01:15:36
56,Luderitz,-26.6481,15.1594,68.07,76,32,5.1,NA,2022-01-30 01:17:27
57,Hilo,19.7297,-155.09,76.8,69,0,7.0,US,2022-01-30 01:17:27
58,Port Elizabeth,-33.918,25.5701,61.11,88,0,4.83,ZA,2022-01-30 01:13:39
59,Quelimane,-17.8786,36.8883,73.06,93,1,2.17,MZ,2022-01-30 01:17:27
60,Tasiilaq,65.6145,-37.6368,17.76,75,100,7.56,GL,2022-01-30 01:17:28
61,Port Alfred,-33.5906,26.891,68.45,87,11,8.03,ZA,2022-01-30 01:17:28
62,New Norfolk,-42.7826,147.0587,76.66,38,0,1.99,AU,2022-01-30 01:14:54
63,Cartagena Del Chaira,1.3349,-74.8429,79.16,57,71,3.15,CO,2022-01-30 01:17:28
64,Nikolskoye,59.7035,30.7861,26.87,90,100,16.64,RU,2022-01-30 01:17:29
65,Avarua,-21.2078,-159.775,84.25,79,20,11.5,CK,2022-01-30 01:12:59
66,Porto Novo,6.4965,2.6036,76.82,66,37,2.89,BJ,2022-01-30 01:14:55
67,Broome,42.2506,-75.833,10.02,77,75,5.99,US,2022-01-30 01:17:29
68,Biabou,13.2,-61.1333,77.09,76,27,14.97,VC,2022-01-30 01:17:30
69,Saldanha,-33.0117,17.9442,60.85,84,0,12.48,ZA,2022-01-30 01:14:53
70,Riyadh,24.6877,46.7219,48.34,41,0,8.08,SA,2022-01-30 01:14:11
71,Severo-Kurilsk,50.6789,156.125,24.85,84,100,16.73,RU,2022-01-30 01:14:50
72,Bonthe,7.5264,-12.505,77.02,84,91,2.08,SL,2022-01-30 01:17:30
73,Sechura,-5.5569,-80.8222,74.62,68,73,12.12,PE,2022-01-30 01:15:33
74,Kununurra,-15.7667,128.7333,85.98,74,100,13.8,AU,2022-01-30 01:17:31
75,Faanui,-16.4833,-151.75,80.65,71,99,8.23,PF,2022-01-30 01:14:50
76,Bluff,-46.6,168.3333,59.32,87,100,7.52,NZ,2022-01-30 01:17:31
77,Nanortalik,60.1432,-45.2371,20.68,69,100,27.87,GL,2022-01-30 01:12:57
78,Nioro,13.35,-15.75,74.91,31,99,9.91,GM,2022-01-30 01:17:32
79,Sabang,5.8933,95.3214,81.9,67,75,6.44,ID,2022-01-30 01:17:32
80,Richards Bay,-28.783,32.0377,69.22,87,5,0.87,ZA,2022-01-30 01:17:32
81,Katobu,-4.9408,122.5276,83.5,71,100,6.58,ID,2022-01-30 01:17:33
82,Huntsville,34.7304,-86.5861,31.21,53,0,1.01,US,2022-01-30 01:14:25
83,Camargo,27.6667,-105.1667,58.95,42,0,7.36,MX,2022-01-30 01:17:33
84,Gbongan,7.4667,4.35,73.76,24,85,5.41,NG,2022-01-30 01:17:33
85,Zhangye,38.9342,100.4517,13.69,53,8,1.7,CN,2022-01-30 01:17:34
86,Chicama,-7.8447,-79.1469,66.74,73,100,5.88,PE,2022-01-30 01:17:34
87,Sakakah,29.9697,40.2064,42.37,51,0,7.85,SA,2022-01-30 01:16:30
88,Castro,-24.7911,-50.0119,59.86,99,100,6.51,BR,2022-01-30 01:17:34
89,Coihaique,-45.5752,-72.0662,50.61,93,100,1.14,CL,2022-01-30 01:17:35
90,Palmer,42.1584,-72.3287,14.07,76,100,3.0,US,2022-01-30 01:17:35
91,Adrar,20.5022,-10.0711,73.89,12,100,9.37,MR,2022-01-30 01:17:35
92,Buchanan,5.8808,-10.0467,78.6,84,45,1.79,LR,2022-01-30 01:17:36
93,Merke,42.8728,73.1786,29.28,81,50,6.26,KZ,2022-01-30 01:17:36
94,Chokurdakh,70.6333,147.9167,-12.35,87,98,1.36,RU,2022-01-30 01:17:36
95,Lensk,60.7253,114.9278,-7.87,98,98,6.17,RU,2022-01-30 01:17:37
96,Horodnya,51.8909,31.5974,28.2,90,100,15.82,UA,2022-01-30 01:17:37
97,Bengkulu,-3.8004,102.2655,77.97,87,100,3.8,ID,2022-01-30 01:17:37
98,Hovd,48.0056,91.6419,-14.76,79,46,2.71,MN,2022-01-30 01:17:37
99,Puerto Ayora,-0.7393,-90.3518,73.96,82,34,6.33,EC,2022-01-30 01:17:38
100,Zabid,14.1951,43.3152,74.01,75,30,3.56,YE,2022-01-30 01:17:38
101,Dikson,73.5069,80.5464,7.61,94,100,18.97,RU,2022-01-30 01:14:56
102,Taber,49.8167,-112.1518,45.91,49,100,10.63,CA,2022-01-30 01:15:04
103,Hasaki,35.7333,140.8333,43.29,53,42,18.05,JP,2022-01-30 01:17:39
104,Makakilo City,21.3469,-158.0858,78.69,57,40,9.22,US,2022-01-30 01:17:39
105,Bongandanga,1.5,21.05,68.88,38,2,1.99,CD,2022-01-30 01:17:39
106,Tucuman,-26.8241,-65.2226,75.2,78,40,3.44,AR,2022-01-30 01:17:40
107,Mmabatho,-25.85,25.6333,66.16,82,83,12.66,ZA,2022-01-30 01:17:40
108,Kapaa,22.0752,-159.319,80.11,67,20,3.0,US,2022-01-30 01:17:38
109,Aksu,41.1231,80.2644,24.3,50,73,5.14,CN,2022-01-30 01:16:07
110,Carnarvon,-24.8667,113.6333,78.87,83,100,14.97,AU,2022-01-30 01:17:40
111,Lisakovsk,52.5369,62.4936,5.47,94,100,5.77,KZ,2022-01-30 01:17:41
112,Weligama,5.9667,80.4167,75.31,84,8,4.85,LK,2022-01-30 01:17:41
113,Walvis Bay,-22.9575,14.5053,62.1,94,10,10.36,NA,2022-01-30 01:16:32
114,Cabo San Lucas,22.8909,-109.9124,75.51,47,20,1.99,MX,2022-01-30 01:17:41
115,San Pedro,14.35,121.0167,84.09,71,19,7.83,PH,2022-01-30 01:16:47
116,Flinders,-34.5833,150.8552,86.81,69,97,8.46,AU,2022-01-30 01:15:35
117,Batticaloa,7.7102,81.6924,76.21,86,16,1.83,LK,2022-01-30 01:17:42
118,Saint-Georges,12.0564,-61.7485,76.3,73,70,10.31,GD,2022-01-30 01:16:13
119,Buala,-8.145,159.5921,86.45,66,99,7.87,SB,2022-01-30 01:17:38
120,Tuktoyaktuk,69.4541,-133.0374,-5.8,84,75,14.97,CA,2022-01-30 01:14:43
121,Ancud,-41.8697,-73.8203,56.73,90,100,11.39,CL,2022-01-30 01:16:23
122,Frankfort,-27.2667,28.4833,55.8,98,21,6.76,ZA,2022-01-30 01:15:51
123,Pagsangahan,13.2158,122.5431,81.43,78,12,7.56,PH,2022-01-30 01:17:43
124,Kathu,7.9178,98.3332,85.69,85,47,8.59,TH,2022-01-30 01:17:43
125,Mildura,-34.2,142.15,86.07,51,6,6.91,AU,2022-01-30 01:17:43
126,Alofi,-19.0595,-169.9187,85.89,74,100,12.66,NU,2022-01-30 01:16:37
127,Najran,17.4924,44.1277,52.45,54,5,0.89,SA,2022-01-30 01:17:44
128,Airai,-8.9266,125.4092,66.16,80,100,4.38,TL,2022-01-30 01:16:22
129,San Patricio,28.017,-97.5169,55.83,46,17,10.09,US,2022-01-30 01:15:13
130,Kedrovyy,56.1667,91.8167,-14.13,96,75,3.6,RU,2022-01-30 01:17:44
131,Kahului,20.8947,-156.47,84.22,54,20,9.22,US,2022-01-30 01:13:52
132,Ayan,56.45,138.1667,1.83,74,100,20.78,RU,2022-01-30 01:17:45
133,Solnechnyy,50.7214,136.6319,-7.58,87,99,2.01,RU,2022-01-30 01:17:45
134,Vao,-22.6667,167.4833,79.72,87,15,20.22,NC,2022-01-30 01:17:45
135,Aklavik,68.2191,-135.0107,-17.57,92,100,4.32,CA,2022-01-30 01:17:46
136,Wewak,-3.5534,143.6268,82.51,73,94,8.66,PG,2022-01-30 01:17:46
137,Kodiak,57.79,-152.4072,35.11,55,0,12.66,US,2022-01-30 01:17:46
138,Misterbianco,37.5341,14.9538,44.19,56,0,11.5,IT,2022-01-30 01:17:47
139,Lagoa,39.05,-27.9833,58.14,73,8,15.23,PT,2022-01-30 01:15:14
140,Darhan,49.4867,105.9228,-16.06,99,69,2.64,MN,2022-01-30 01:17:47
141,Tucumcari,35.1717,-103.725,46.24,23,0,3.44,US,2022-01-30 01:17:47
142,Karratha,-20.7377,116.8463,85.82,51,96,14.61,AU,2022-01-30 01:16:24
143,Urumqi,43.801,87.6005,-4.85,84,75,2.24,CN,2022-01-30 01:17:23
144,Meulaboh,4.1363,96.1285,76.55,90,39,5.12,ID,2022-01-30 01:15:27
145,Ponta Do Sol,32.6667,-17.1,63.23,46,15,6.02,PT,2022-01-30 01:17:46
146,Kichera,55.9375,110.0997,-12.08,87,21,4.25,RU,2022-01-30 01:17:48
147,Vestmannaeyjar,63.4427,-20.2734,41.0,65,100,18.72,IS,2022-01-30 01:13:55
148,Pisco,-13.7,-76.2167,69.85,78,0,14.97,PE,2022-01-30 01:17:49
149,Jiuquan,39.7432,98.5174,11.82,56,6,1.72,CN,2022-01-30 01:17:49
150,Vila Franca Do Campo,37.7167,-25.4333,57.2,72,82,9.93,PT,2022-01-30 01:15:32
151,Hithadhoo,-0.6,73.0833,80.76,68,78,2.55,MV,2022-01-30 01:14:41
152,Clyde River,70.4692,-68.5914,-7.37,77,100,5.75,CA,2022-01-30 01:17:49
153,Port Shepstone,-30.7414,30.455,72.01,85,99,10.49,ZA,2022-01-30 01:17:50
154,Grafton,42.207,-71.6856,12.87,80,100,3.0,US,2022-01-30 01:17:50
155,Kholodnyy,62.7167,147.95,-10.34,98,98,4.34,RU,2022-01-30 01:17:50
156,Haines Junction,60.7522,-137.5108,12.15,79,100,3.44,CA,2022-01-30 01:17:51
157,Bereda,43.2686,-7.5406,45.91,98,88,1.81,ES,2022-01-30 01:17:51
158,Aswan,24.0934,32.907,48.87,52,0,9.75,EG,2022-01-30 01:17:51
159,Dauriya,49.9333,116.8667,-20.13,98,11,1.54,RU,2022-01-30 01:17:52
160,Trinidad,-14.8333,-64.9,73.53,95,72,1.41,BO,2022-01-30 01:16:30
161,Provideniya,64.3833,-173.3,4.86,86,24,4.0,RU,2022-01-30 01:17:52
162,Port Lincoln,-34.7333,135.8667,70.88,73,9,13.89,AU,2022-01-30 01:16:30
163,Isangel,-19.55,169.2667,78.91,94,100,6.91,VU,2022-01-30 01:17:53
164,Chuy,-33.6971,-53.4616,65.79,78,0,7.58,UY,2022-01-30 01:17:53
165,Cherskiy,68.75,161.3,-25.6,99,100,1.95,RU,2022-01-30 01:17:53
166,Ciudad Bolivar,8.1222,-63.5497,79.75,60,88,13.65,VE,2022-01-30 01:17:39
167,Kysyl-Syr,63.8986,122.7617,-18.63,100,100,4.0,RU,2022-01-30 01:17:54
168,Samarai,-10.6167,150.6667,81.59,73,100,5.66,PG,2022-01-30 01:15:25
169,Srednekolymsk,67.45,153.6833,-25.04,100,60,4.03,RU,2022-01-30 01:17:51
170,Butaritari,3.0707,172.7902,82.56,72,78,18.01,KI,2022-01-30 01:17:39
171,East London,-33.0153,27.9116,69.33,85,3,6.15,ZA,2022-01-30 01:12:58
172,Nelson,-41.2833,173.2833,81.45,47,3,9.82,NZ,2022-01-30 01:17:54
173,Apiai,-24.5094,-48.8425,59.85,100,100,1.5,BR,2022-01-30 01:17:55
174,Georgetown,5.4112,100.3354,81.9,84,20,3.44,MY,2022-01-30 01:13:48
175,Cap Malheureux,-19.9842,57.6142,79.29,78,100,1.01,MU,2022-01-30 01:17:55
176,Bethel,41.3712,-73.414,18.3,56,100,5.01,US,2022-01-30 01:17:47
177,Dalbandin,28.8947,64.4101,53.85,40,45,1.92,PK,2022-01-30 01:17:55
178,San Rafael,-34.6177,-68.3301,77.54,44,27,8.37,AR,2022-01-30 01:17:56
179,Daloa,6.8774,-6.4502,72.7,35,100,3.06,CI,2022-01-30 01:17:56
180,Launceston,-41.45,147.1667,76.6,53,0,4.0,AU,2022-01-30 01:17:56
181,Miranda,3.2499,-76.2281,73.53,92,88,4.7,CO,2022-01-30 01:17:57
182,Rehoboth,-23.3167,17.0833,72.3,59,100,10.67,NA,2022-01-30 01:14:17
183,Orange Cove,36.6244,-119.3137,60.17,50,100,1.28,US,2022-01-30 01:17:57
184,Vaitape,-16.5167,-151.75,80.65,72,99,8.23,PF,2022-01-30 01:17:58
185,Tiznit,29.5833,-9.5,57.63,30,0,25.61,MA,2022-01-30 01:17:58
186,Pouembout,-21.1333,164.9,88.3,61,50,10.18,NC,2022-01-30 01:17:58
187,Raudeberg,61.9875,5.1352,40.19,85,100,10.0,NO,2022-01-30 01:17:58
188,Vaini,-21.2,-175.2,81.77,76,100,11.88,TO,2022-01-30 01:17:59
189,Yaan,7.3833,8.5667,77.38,17,28,9.26,NG,2022-01-30 01:17:59
190,Sokolo,14.7328,-6.1219,74.8,15,0,12.06,ML,2022-01-30 01:17:59
191,Fare,-16.7,-151.0167,80.78,72,94,7.78,PF,2022-01-30 01:18:00
192,Mogok,22.9167,96.5,48.36,74,0,2.39,MM,2022-01-30 01:18:00
193,Cortez,37.3489,-108.5859,38.7,49,0,4.61,US,2022-01-30 01:18:00
194,Mocorito,25.4833,-107.9167,71.35,43,1,4.59,MX,2022-01-30 01:18:01
195,Norman Wells,65.282,-126.8329,-27.36,75,75,3.44,CA,2022-01-30 01:17:58
196,Mwense,-10.3845,28.698,65.57,97,100,0.56,ZM,2022-01-30 01:18:01
197,Maldonado,-34.6667,-54.9167,69.19,77,3,9.26,UY,2022-01-30 01:18:02
198,Sao Filipe,14.8961,-24.4956,70.63,73,31,11.48,CV,2022-01-30 01:13:59
199,Izhevskoye,54.5567,40.8703,15.06,98,96,3.27,RU,2022-01-30 01:18:02
200,Chiriguana,9.3624,-73.6031,77.81,71,77,1.81,CO,2022-01-30 01:18:02
201,Hobyo,5.3505,48.5268,75.09,74,77,18.03,SO,2022-01-30 01:18:03
202,Lebu,-37.6167,-73.65,58.41,88,0,9.04,CL,2022-01-30 01:15:08
203,Sitka,57.0531,-135.33,37.29,65,100,10.36,US,2022-01-30 01:17:28
204,Hami,42.8,93.45,19.99,42,4,3.87,CN,2022-01-30 01:18:03
205,Grand-Santi,4.25,-54.3833,71.11,97,16,2.53,GF,2022-01-30 01:18:04
206,Tiksi,71.6872,128.8694,-9.56,98,51,4.34,RU,2022-01-30 01:18:04
207,San Cristobal,7.7669,-72.225,71.78,84,69,3.06,VE,2022-01-30 01:17:40
208,Spasskoye,44.6108,132.7969,6.3,93,100,6.04,RU,2022-01-30 01:18:04
209,Ixtapa,20.7,-105.2,75.22,78,0,6.91,MX,2022-01-30 01:18:05
210,Manokwari,-0.8667,134.0833,82.08,70,100,8.03,ID,2022-01-30 01:18:05
211,Nola,40.922,14.5329,47.93,43,69,3.33,IT,2022-01-30 01:18:05
212,General Roca,-39.0333,-67.5833,82.8,19,13,27.65,AR,2022-01-30 01:18:06
213,Mnogovershinnyy,53.9353,139.9242,-0.69,92,100,5.95,RU,2022-01-30 01:18:06
214,Katangli,51.7102,143.2326,-5.1,80,98,4.76,RU,2022-01-30 01:18:06
215,Kemin,42.7846,75.6892,20.1,77,100,3.4,KG,2022-01-30 01:18:07
216,Poum,-20.2333,164.0167,81.84,76,99,9.04,NC,2022-01-30 01:18:07
217,Fairbanks,64.8378,-147.7164,-13.0,74,0,0.0,US,2022-01-30 01:18:07
218,Gandai,21.6667,81.1,51.84,34,0,4.14,IN,2022-01-30 01:18:07
219,Sohag,26.557,31.6948,47.07,56,0,7.31,EG,2022-01-30 01:18:08
220,Eydhafushi,5.1033,73.0708,82.22,67,86,15.19,MV,2022-01-30 01:18:08
221,Piacabucu,-10.4056,-36.4344,77.99,65,100,6.73,BR,2022-01-30 01:18:08
222,Cape Town,-33.9258,18.4232,70.21,69,0,5.01,ZA,2022-01-30 01:17:19
223,Emporia,38.4039,-96.1817,46.6,25,0,8.05,US,2022-01-30 01:18:09
224,Batemans Bay,-35.7167,150.1833,83.19,88,76,4.7,AU,2022-01-30 01:18:09
225,Touros,-5.1989,-35.4608,76.1,82,98,10.71,BR,2022-01-30 01:13:56
226,Gat,31.61,34.7642,49.41,100,0,1.81,IL,2022-01-30 01:18:10
227,Bambous Virieux,-20.3428,57.7575,79.05,78,20,3.44,MU,2022-01-30 01:17:27
228,Arona,28.0996,-16.681,59.79,65,20,1.99,ES,2022-01-30 01:18:10
229,Eyl,7.9803,49.8164,72.91,64,87,17.38,SO,2022-01-30 01:18:10
230,Port Hardy,50.6996,-127.4199,47.75,81,100,20.71,CA,2022-01-30 01:16:08
231,Bilibino,68.0546,166.4372,-0.98,88,100,2.57,RU,2022-01-30 01:17:45
232,Panguna,-6.3164,155.4848,72.82,91,99,3.27,PG,2022-01-30 01:18:11
233,Atherton,53.5237,-2.4935,44.35,81,54,1.99,GB,2022-01-30 01:18:11
234,Las Vegas,36.175,-115.1372,60.53,16,75,1.01,US,2022-01-30 01:14:00
235,Thinadhoo,0.5333,72.9333,81.23,72,99,5.06,MV,2022-01-30 01:15:57
236,Kokopo,-4.352,152.2633,80.87,79,100,6.89,PG,2022-01-30 01:18:12
237,Kibala,9.1104,18.3463,72.97,20,90,8.72,TD,2022-01-30 01:18:12
238,Methven,-43.6333,171.65,76.01,40,100,5.01,NZ,2022-01-30 01:18:12
239,Rio Gallegos,-51.6226,-69.2181,48.25,93,75,9.22,AR,2022-01-30 01:18:13
240,Fort Nelson,58.8053,-122.7002,4.59,85,100,4.61,CA,2022-01-30 01:17:48
241,Leningradskiy,69.3833,178.4167,-10.43,91,51,4.76,RU,2022-01-30 01:18:03
242,Victoria,22.2855,114.1577,56.17,80,51,1.99,HK,2022-01-30 01:13:29
243,Juneau,58.3019,-134.4197,36.21,91,100,9.22,US,2022-01-30 01:17:50
244,Ostrovnoy,68.0531,39.5131,16.61,89,100,12.37,RU,2022-01-30 01:18:13
245,Jinchang,38.4953,102.1739,14.38,54,1,7.31,CN,2022-01-30 01:18:14
246,Ovsyanka,55.9575,92.5519,-11.78,98,58,4.16,RU,2022-01-30 01:18:14
247,Mayo,38.8876,-76.5119,24.08,43,0,11.01,US,2022-01-30 01:18:14
248,Lexington,37.9887,-84.4777,21.34,60,100,6.91,US,2022-01-30 01:17:34
249,Sipoo,60.3775,25.2691,32.88,79,75,16.11,FI,2022-01-30 01:18:15
250,Vanimo,-2.6741,141.3028,80.26,80,100,9.48,PG,2022-01-30 01:18:15
251,Hamilton,39.1834,-84.5333,22.84,68,75,3.0,US,2022-01-30 01:15:39
252,Synya,65.3718,58.0387,14.7,91,100,11.03,RU,2022-01-30 01:18:15
253,Klyuchi,52.2667,79.1667,5.0,86,59,10.47,RU,2022-01-30 01:18:16
254,Tuatapere,-46.1333,167.6833,61.56,83,100,4.76,NZ,2022-01-30 01:17:54
255,Geraldton,-28.7667,114.6,84.61,54,0,12.66,AU,2022-01-30 01:16:16
256,Havoysund,70.9963,24.6622,25.68,80,100,22.86,NO,2022-01-30 01:17:47
257,Pevek,69.7008,170.3133,-17.3,99,100,3.71,RU,2022-01-30 01:14:43
258,Redmond,47.674,-122.1215,50.45,68,100,0.76,US,2022-01-30 01:15:02
259,San Rafael Del Sur,11.8485,-86.4384,83.37,46,5,12.97,NI,2022-01-30 01:18:17
260,Saskylakh,71.9167,114.0833,-19.82,100,100,3.78,RU,2022-01-30 01:18:08
261,Sohbatpur,28.5202,68.5434,56.46,26,6,3.15,PK,2022-01-30 01:18:17
262,Chabahar,25.2919,60.643,71.29,76,0,9.6,IR,2022-01-30 01:18:17
263,Shimoda,34.6667,138.95,46.76,55,100,12.12,JP,2022-01-30 01:17:45
264,Mount Isa,-20.7333,139.5,82.17,78,75,13.8,AU,2022-01-30 01:18:07
265,Oussouye,12.485,-16.5469,73.58,56,100,11.43,SN,2022-01-30 01:18:18
266,Tucurui,-3.7661,-49.6725,72.27,99,100,2.98,BR,2022-01-30 01:14:40
267,North Platte,41.1239,-100.7654,48.38,26,0,1.01,US,2022-01-30 01:13:44
268,Homer,59.6425,-151.5483,25.09,85,75,13.8,US,2022-01-30 01:17:43
269,Vostok,46.4856,135.8833,-7.11,91,58,3.18,RU,2022-01-30 01:18:18
270,Sovetskiy,61.3614,63.5842,3.15,97,100,3.76,RU,2022-01-30 01:18:19
271,Gra Liyia,35.0167,25.6833,52.12,91,100,8.99,GR,2022-01-30 01:18:19
272,Birjand,32.8663,59.2211,32.47,55,0,4.61,IR,2022-01-30 01:18:19
273,Yerbogachen,61.2767,108.0108,-10.57,99,100,3.18,RU,2022-01-30 01:18:20
274,Alice Springs,-23.7,133.8833,76.55,88,100,17.27,AU,2022-01-30 01:15:10
275,Port Blair,11.6667,92.75,77.04,78,75,6.91,IN,2022-01-30 01:17:43
276,Qeshm,26.9581,56.2719,58.89,64,0,7.09,IR,2022-01-30 01:18:20
277,Kalmunai,7.4167,81.8167,75.79,87,23,1.95,LK,2022-01-30 01:18:20
278,Sinnai,39.3042,9.2036,45.46,69,0,6.91,IT,2022-01-30 01:18:21
279,Maravilha,-26.7608,-53.1725,66.61,89,95,4.74,BR,2022-01-30 01:18:21
280,Kalabo,-14.97,22.6814,63.28,96,100,4.81,ZM,2022-01-30 01:18:21
281,Petropavlovsk-Kamchatskiy,53.0452,158.6483,25.39,80,75,4.47,RU,2022-01-30 01:18:22
282,Angoche,-16.2325,39.9086,74.62,90,99,3.89,MZ,2022-01-30 01:18:22
283,Ponta Delgada,37.7333,-25.6667,57.51,71,20,3.44,PT,2022-01-30 01:18:22
284,Kupang,-10.1667,123.5833,86.58,74,75,11.5,ID,2022-01-30 01:18:23
285,Tsiroanomandidy,-18.7667,46.0333,68.92,90,95,3.06,MG,2022-01-30 01:18:23
286,Longyearbyen,78.2186,15.6401,6.64,66,0,17.27,SJ,2022-01-30 01:17:59
287,Korla,41.7597,86.1469,23.14,55,100,8.25,CN,2022-01-30 01:17:37
288,Igarka,67.4667,86.5833,0.32,96,100,10.02,RU,2022-01-30 01:18:23
289,Raymond,43.9015,-70.4703,13.82,86,100,19.6,US,2022-01-30 01:18:24
290,Buta,2.7858,24.73,65.52,37,2,1.52,CD,2022-01-30 01:17:07
291,Iracoubo,5.4802,-53.2011,75.83,87,9,7.87,GF,2022-01-30 01:18:24
292,Sabinas,27.85,-101.1167,56.66,31,0,9.46,MX,2022-01-30 01:18:24
293,Fairhope,30.523,-87.9033,43.68,62,0,0.0,US,2022-01-30 01:18:25
294,Salalah,17.0151,54.0924,68.09,68,0,2.3,OM,2022-01-30 01:18:24
295,Bjelovar,45.8986,16.8489,31.69,84,42,4.79,HR,2022-01-30 01:18:25
296,Namatanai,-3.6667,152.4333,83.44,73,100,5.17,PG,2022-01-30 01:18:25
297,Eureka,40.8021,-124.1637,56.17,80,2,1.36,US,2022-01-30 01:18:20
298,Thunder Bay,48.4001,-89.3168,18.55,86,100,0.0,CA,2022-01-30 01:16:08
299,Snezhnogorsk,69.1933,33.2531,-7.85,100,97,2.46,RU,2022-01-30 01:18:26
300,Barrow,71.2906,-156.7887,-9.38,70,0,10.36,US,2022-01-30 01:18:09
301,Lompoc,34.6391,-120.4579,64.78,60,0,5.75,US,2022-01-30 01:18:07
302,Corrales,35.2378,-106.6067,45.64,30,0,1.01,US,2022-01-30 01:17:40
303,Tazovskiy,67.4667,78.7,-14.21,99,92,7.63,RU,2022-01-30 01:18:26
304,Fonte Boa,-2.4959,-66.2662,73.9,98,100,3.24,BR,2022-01-30 01:18:27
305,Carutapera,-1.195,-46.02,74.89,88,100,5.75,BR,2022-01-30 01:18:27
306,Roebourne,-20.7833,117.1333,89.8,45,56,12.66,AU,2022-01-30 01:18:27
307,Tungao,8.7772,125.5719,82.17,74,13,2.06,PH,2022-01-30 01:18:28
308,Wilmington,34.2257,-77.9447,30.92,48,0,10.36,US,2022-01-30 01:15:09
309,Domoni,-12.2569,44.5319,78.12,80,6,3.44,KM,2022-01-30 01:18:28
310,Wolow,51.3366,16.6443,44.04,67,94,28.25,PL,2022-01-30 01:18:28
311,Cayenne,4.9333,-52.3333,79.09,85,20,5.01,GF,2022-01-30 01:17:47
312,Partur,19.6,76.2167,56.8,35,6,2.59,IN,2022-01-30 01:18:29
313,Alta Floresta,-9.8756,-56.0861,69.51,99,100,2.91,BR,2022-01-30 01:18:29
314,Jumla,29.2747,82.1838,30.9,40,0,5.57,NP,2022-01-30 01:16:58
315,Cidreira,-30.1811,-50.2056,71.58,65,12,11.41,BR,2022-01-30 01:18:00
316,Cam Ranh,11.9214,109.1591,76.96,78,20,3.44,VN,2022-01-30 01:18:30
317,Curitibanos,-27.2828,-50.5844,56.35,93,93,4.34,BR,2022-01-30 01:18:30
318,Mozirje,46.3394,14.9633,35.11,67,8,4.68,SI,2022-01-30 01:18:30
319,Damietta,31.4165,31.8133,51.12,79,1,6.62,EG,2022-01-30 01:18:31
320,Kholtoson,50.2981,103.3097,-12.78,98,18,3.2,RU,2022-01-30 01:18:31
321,Cangucu,-31.395,-52.6756,66.45,82,3,4.56,BR,2022-01-30 01:18:31
322,Miri,4.4148,114.0089,75.34,100,40,2.3,MY,2022-01-30 01:18:05
323,Sembakung,3.8167,117.25,80.53,80,100,1.19,ID,2022-01-30 01:18:32
324,Paamiut,61.994,-49.6678,14.14,69,100,15.28,GL,2022-01-30 01:18:32
325,Kavieng,-2.5744,150.7967,83.37,73,100,5.91,PG,2022-01-30 01:18:32
326,The Pas,53.8251,-101.2541,-2.18,84,0,3.44,CA,2022-01-30 01:18:33
327,Constitucion,-35.3333,-72.4167,58.39,93,45,8.39,CL,2022-01-30 01:17:51
328,Bay Roberts,47.5999,-53.2648,40.51,92,100,13.0,CA,2022-01-30 01:18:33
329,Qufu,35.5967,116.9911,34.12,37,1,0.72,CN,2022-01-30 01:18:33
330,Jacareacanga,-6.2222,-57.7528,72.25,99,100,1.5,BR,2022-01-30 01:18:34
331,Belmonte,-15.8631,-38.8828,77.5,82,70,10.54,BR,2022-01-30 01:18:34
332,Nenita,12.4917,124.8044,81.61,75,14,4.29,PH,2022-01-30 01:18:34
333,Krasnoselkup,65.7,82.4667,-14.1,99,99,8.3,RU,2022-01-30 01:18:35
334,Palmas Bellas,9.2319,-80.0867,79.34,82,54,10.38,PA,2022-01-30 01:18:35
335,Mar Del Plata,-38.0023,-57.5575,73.87,65,0,23.0,AR,2022-01-30 01:17:45
336,La Tijera,19.9,-104.4,58.95,57,12,4.52,MX,2022-01-30 01:18:36
337,Itarema,-2.9248,-39.9167,78.67,74,100,9.93,BR,2022-01-30 01:18:21
338,Olafsvik,64.8945,-23.7142,37.56,65,100,21.97,IS,2022-01-30 01:18:04
339,Necochea,-38.5473,-58.7368,75.04,60,0,17.72,AR,2022-01-30 01:18:36
340,Pangody,65.85,74.4859,-5.22,95,98,8.72,RU,2022-01-30 01:18:37
341,Faya,18.3851,42.4509,52.32,83,4,5.32,SA,2022-01-30 01:15:21
342,Marawi,7.9986,124.2928,73.65,79,67,1.1,PH,2022-01-30 01:18:37
343,Marienburg,54.0359,19.0266,43.84,71,100,31.47,PL,2022-01-30 01:18:37
344,Ahipara,-35.1667,173.1667,76.53,48,100,5.08,NZ,2022-01-30 01:14:48
345,Iquitos,-3.7481,-73.2472,75.24,88,0,0.0,PE,2022-01-30 01:18:38
346,Katsuura,35.1333,140.3,49.19,57,92,16.69,JP,2022-01-30 01:18:33
347,Nome,64.5011,-165.4064,-3.93,54,0,0.0,US,2022-01-30 01:16:54
348,Ilulissat,69.2167,-51.1,12.22,73,75,19.57,GL,2022-01-30 01:18:14
349,Bjornevatn,69.6672,29.9847,-0.06,85,75,4.61,NO,2022-01-30 01:18:38
350,Bharatpur,27.2167,77.4833,50.04,53,0,6.64,IN,2022-01-30 01:18:39
351,Los Alamos,35.8881,-106.307,36.16,69,4,3.42,US,2022-01-30 01:18:39
352,Pangnirtung,66.1451,-65.7125,-19.44,99,100,3.0,CA,2022-01-30 01:17:37
353,Derbent,42.0678,48.2899,38.08,70,12,3.8,RU,2022-01-30 01:18:40
354,Fayaoue,-20.65,166.5333,82.49,85,9,16.55,NC,2022-01-30 01:13:51
355,Porto Santo,33.072,-16.3415,62.98,82,40,8.05,PT,2022-01-30 01:18:40
356,Lowestoft,52.4752,1.7516,41.16,85,13,14.83,GB,2022-01-30 01:16:47
357,Kropotkin,45.4375,40.5756,33.57,87,100,12.37,RU,2022-01-30 01:18:40
358,Bad Bevensen,53.0833,10.5833,44.69,75,100,25.21,DE,2022-01-30 01:18:41
359,Caborca,30.5838,-111.101,65.66,22,0,6.96,MX,2022-01-30 01:18:41
360,Salinopolis,-0.6136,-47.3561,76.08,87,100,7.54,BR,2022-01-30 01:18:42
361,Puerto Carreno,6.189,-67.4859,82.96,33,98,12.3,CO,2022-01-30 01:18:42
362,Kalemie,-5.9475,29.1947,69.15,89,98,3.56,CD,2022-01-30 01:18:42
363,Plover,44.4564,-89.544,22.05,58,0,6.91,US,2022-01-30 01:18:42
364,De-Kastri,51.4667,140.7833,-6.29,91,24,8.19,RU,2022-01-30 01:18:43
365,Kamiiso,41.8167,140.65,23.38,58,75,16.11,JP,2022-01-30 01:18:43
366,Zhuhai,22.2769,113.5678,56.91,76,40,20.71,CN,2022-01-30 01:18:43
367,Seymchan,62.8833,152.4333,-7.31,94,99,3.6,RU,2022-01-30 01:18:44
368,Pingzhuang,42.0372,119.2889,15.67,35,0,1.99,CN,2022-01-30 01:18:44
369,La Ronge,55.1001,-105.2842,10.65,79,100,4.61,CA,2022-01-30 01:18:44
370,Bulaevo,54.9056,70.4439,-1.21,92,100,6.93,KZ,2022-01-30 01:18:45
371,Mantua,45.1667,10.7833,39.7,95,55,1.01,IT,2022-01-30 01:17:40
372,Konya,38.1667,32.5,2.68,92,100,1.86,TR,2022-01-30 01:15:18
373,Ardalstangen,61.2371,7.6983,39.43,97,99,7.56,NO,2022-01-30 01:18:45
374,Langxiang,46.95,128.8833,3.47,88,61,3.74,CN,2022-01-30 01:18:45
375,Okhotsk,59.3833,143.3,14.72,79,100,15.32,RU,2022-01-30 01:18:03
376,Rostovka,55.3842,71.8891,1.15,90,100,7.99,RU,2022-01-30 01:18:46
377,Biak,-0.9131,122.8766,81.34,69,100,2.42,ID,2022-01-30 01:17:45
378,Zuwarah,32.9312,12.082,54.5,64,10,16.06,LY,2022-01-30 01:18:46
379,Whitehorse,60.7161,-135.0538,19.09,78,100,3.0,CA,2022-01-30 01:18:47
380,Bandarbeyla,9.4942,50.8122,75.33,73,100,19.39,SO,2022-01-30 01:18:47
381,Paithan,19.4833,75.3833,59.45,29,14,4.92,IN,2022-01-30 01:18:47
382,Shihezi,44.3,86.0333,0.54,93,100,1.36,CN,2022-01-30 01:18:48
383,Straseni,47.1414,28.6103,28.44,78,100,11.79,MD,2022-01-30 01:18:48
384,Krasnoyarsk,56.0097,92.7917,-12.35,97,50,4.12,RU,2022-01-30 01:14:04
385,Santa Fe,-31.6333,-60.7,70.92,80,0,6.85,AR,2022-01-30 01:18:49
386,Sorland,67.667,12.6934,24.87,60,100,24.23,NO,2022-01-30 01:17:41
387,Popondetta,-8.7537,148.2534,87.24,61,100,3.27,PG,2022-01-30 01:18:49
388,Metro,-5.1131,105.3067,78.31,83,100,3.02,ID,2022-01-30 01:18:49
389,Muroto,33.2833,134.15,48.24,62,100,2.08,JP,2022-01-30 01:18:50
390,Tommot,58.9564,126.2925,-4.97,94,100,8.3,RU,2022-01-30 01:18:50
391,Cravinhos,-21.3403,-47.7294,68.72,98,100,1.39,BR,2022-01-30 01:18:50
392,San Quintin,30.4833,-115.95,61.97,50,0,7.65,MX,2022-01-30 01:18:44
393,Lorengau,-2.0226,147.2712,84.6,71,31,7.54,PG,2022-01-30 01:18:51
394,Nantucket,41.2835,-70.0995,21.31,86,100,23.02,US,2022-01-30 01:18:51
395,Labuhan,-6.8844,112.2051,81.64,77,96,5.57,ID,2022-01-30 01:18:22
396,Komsomolskiy,40.4272,71.7189,34.52,93,75,6.91,UZ,2022-01-30 01:14:52
397,Burnie,-41.0667,145.9167,70.95,68,21,6.11,AU,2022-01-30 01:18:52
398,Pimentel,-6.8367,-79.9342,71.02,80,100,13.33,PE,2022-01-30 01:18:52
399,Jiexiu,37.0244,111.9125,28.72,63,1,5.73,CN,2022-01-30 01:18:52
400,Dong Hoi,17.4833,106.6,69.01,94,100,12.24,VN,2022-01-30 01:18:53
401,Morro Bay,35.3658,-120.8499,64.51,44,90,6.4,US,2022-01-30 01:16:06
402,Sandwick,60.0,-1.25,39.02,60,20,26.46,GB,2022-01-30 01:18:53
403,Bathsheba,13.2167,-59.5167,76.57,76,8,16.37,BB,2022-01-30 01:16:22
404,Egvekinot,66.3167,-179.1667,-4.86,70,10,1.28,RU,2022-01-30 01:18:53
405,Humberto De Campos,-2.5983,-43.4611,73.29,95,100,2.84,BR,2022-01-30 01:18:54
406,Buseresere,-3.0236,31.8747,65.91,80,100,4.18,TZ,2022-01-30 01:18:54
407,Camana,-16.6228,-72.7111,70.61,76,58,4.7,PE,2022-01-30 01:18:54
408,Iberia,29.9502,-91.7507,47.08,65,0,7.29,US,2022-01-30 01:18:55
409,Gwadar,25.1216,62.3254,70.21,73,0,9.33,PK,2022-01-30 01:18:55
410,Maniitsoq,65.4167,-52.9,8.67,75,100,26.37,GL,2022-01-30 01:17:42
411,Mareeba,-17.0,145.4333,86.32,58,100,1.79,AU,2022-01-30 01:18:55
412,Sarkand,45.41,79.9186,24.44,87,100,5.39,KZ,2022-01-30 01:18:56
413,Takoradi,4.8845,-1.7554,78.69,89,38,3.44,GH,2022-01-30 01:18:56
414,Ayagoz,47.9714,80.4392,13.89,97,100,5.55,KZ,2022-01-30 01:18:56
415,Bogolyubovo,56.1956,40.5297,0.57,100,100,3.27,RU,2022-01-30 01:18:57
416,Karpathos,35.507,27.2132,57.16,77,100,25.32,GR,2022-01-30 01:18:57
417,Bitung,1.4451,125.1824,86.85,70,98,7.96,ID,2022-01-30 01:18:57
418,Zhezkazgan,47.8043,67.7144,17.58,86,100,11.18,KZ,2022-01-30 01:18:58
419,Kuchera,26.9839,73.9719,53.73,28,5,2.08,IN,2022-01-30 01:18:58
420,Adjumani,3.3779,31.7909,70.23,37,7,1.05,UG,2022-01-30 01:18:58
421,Shakhovskaya,56.0283,35.5097,18.86,93,100,11.05,RU,2022-01-30 01:18:59
422,Prince Rupert,54.3161,-130.3201,41.09,93,100,2.3,CA,2022-01-30 01:16:04
423,Beyneu,45.3167,55.2,26.94,76,100,4.38,KZ,2022-01-30 01:15:56
424,Quatre Cocos,-20.2078,57.7625,78.91,77,100,12.59,MU,2022-01-30 01:18:59
425,Ust-Tsilma,65.441,52.1498,17.26,94,100,8.03,RU,2022-01-30 01:15:55
426,Polunochnoye,60.8697,60.4153,1.36,100,100,2.39,RU,2022-01-30 01:18:59
427,Baglan,36.1307,68.7083,38.66,83,59,2.44,AF,2022-01-30 01:19:00
428,Caravelas,-17.7125,-39.2481,78.58,82,12,10.67,BR,2022-01-30 01:18:06
429,Sainte-Anne-Des-Monts,49.124,-66.4924,12.07,92,100,33.38,CA,2022-01-30 01:19:00
430,Chor,25.5167,69.7667,60.4,57,0,5.48,PK,2022-01-30 01:19:00
431,Saint-Joseph,-21.3667,55.6167,75.56,82,40,10.94,RE,2022-01-30 01:18:48
432,Rawson,-43.3002,-65.1023,79.29,32,70,11.25,AR,2022-01-30 01:18:12
433,Sao Jose Da Coroa Grande,-8.8978,-35.1478,76.15,81,98,4.18,BR,2022-01-30 01:18:24
434,Camacha,33.0833,-16.3333,60.22,82,40,8.05,PT,2022-01-30 01:18:51
435,Upernavik,72.7868,-56.1549,-0.85,96,100,7.56,GL,2022-01-30 01:17:47
436,Sao Joao Da Barra,-21.6403,-41.0511,75.88,92,100,6.42,BR,2022-01-30 01:18:39
437,Evensk,61.95,159.2333,20.17,79,100,8.93,RU,2022-01-30 01:19:01
438,Malakal,9.5334,31.6605,71.74,18,10,7.96,SS,2022-01-30 01:19:02
439,Sistranda,63.7256,8.834,40.96,88,88,40.35,NO,2022-01-30 01:19:02
440,Okha,53.5739,142.9478,-5.73,91,75,10.2,RU,2022-01-30 01:16:22
441,Champerico,14.3,-91.9167,80.04,71,79,5.14,GT,2022-01-30 01:19:03
442,Ust-Maya,60.4167,134.5333,-26.28,96,84,0.07,RU,2022-01-30 01:16:37
443,Concepcion,-36.827,-73.0498,62.4,77,100,6.91,CL,2022-01-30 01:16:30
444,Grindavik,63.8424,-22.4338,36.07,87,75,8.05,IS,2022-01-30 01:19:03
445,Tahta,26.7693,31.5021,46.96,55,0,6.35,EG,2022-01-30 01:19:04
446,Bara,10.3744,10.7288,61.54,20,45,8.5,NG,2022-01-30 01:19:04
447,Xudat,41.631,48.681,35.62,67,14,6.11,AZ,2022-01-30 01:19:04
448,Flin Flon,54.7682,-101.865,-7.4,100,77,1.95,CA,2022-01-30 01:16:04
449,Rodrigues Alves,-7.738,-72.6509,74.14,95,100,0.43,BR,2022-01-30 01:19:05
450,Zhigansk,66.7697,123.3711,-33.25,100,96,3.53,RU,2022-01-30 01:17:41
451,Sioux Lookout,50.1001,-91.917,8.98,85,100,5.75,CA,2022-01-30 01:17:36
452,Terney,45.0503,136.6092,5.45,59,1,11.74,RU,2022-01-30 01:19:05
453,Tromso,69.6496,18.957,15.82,67,0,2.3,NO,2022-01-30 01:19:05
454,Batagay,67.6333,134.6333,-30.6,98,100,2.15,RU,2022-01-30 01:19:01
455,Beloha,-25.1667,45.05,71.74,88,13,10.07,MG,2022-01-30 01:19:05
456,Hammerfest,70.6634,23.6821,25.25,100,75,1.14,NO,2022-01-30 01:19:06
457,Shamary,57.3434,58.2199,4.51,97,100,2.35,RU,2022-01-30 01:19:06
458,Murgab,37.4966,61.9714,33.67,80,100,4.61,TM,2022-01-30 01:19:07
459,Rawlins,41.7911,-107.2387,35.82,64,4,8.7,US,2022-01-30 01:14:15
460,Paranaiba,-19.6772,-51.1908,71.73,95,100,7.4,BR,2022-01-30 01:19:07
461,Weinan,34.5036,109.5089,35.29,72,15,2.95,CN,2022-01-30 01:19:08
462,Torbay,47.6666,-52.7314,39.76,96,100,29.93,CA,2022-01-30 01:17:52
463,Camopi,3.1655,-52.3158,70.95,99,100,1.74,GF,2022-01-30 01:18:08
464,Namibe,-15.1961,12.1522,70.57,76,100,5.73,AO,2022-01-30 01:18:12
465,Torrington,41.8007,-73.1212,14.54,63,100,8.01,US,2022-01-30 01:18:03
466,Mizdah,31.4451,12.9801,44.02,80,8,12.95,LY,2022-01-30 01:19:08
467,Finschhafen,-6.6024,147.8681,81.48,80,100,1.79,PG,2022-01-30 01:19:09
468,Lufilufi,-13.8745,-171.5986,91.18,74,52,13.94,WS,2022-01-30 01:19:09
469,Bucerias,20.75,-105.3333,75.97,78,0,6.91,MX,2022-01-30 01:16:43
470,Zheshart,62.0731,49.5733,14.5,94,100,5.95,RU,2022-01-30 01:19:09
471,La Paz,-16.5,-68.15,49.98,93,75,8.05,BO,2022-01-30 01:15:02
472,Mercedes,-34.6515,-59.4307,76.86,62,100,10.8,AR,2022-01-30 01:19:10
473,Ahuimanu,21.4447,-157.8378,79.86,62,0,5.99,US,2022-01-30 01:15:45
474,Poya,-21.35,165.15,87.78,63,55,10.22,NC,2022-01-30 01:19:10
475,Vakhtan,57.9659,46.6889,9.75,98,92,4.0,RU,2022-01-30 01:19:11
476,Mendi,-6.1761,143.6513,63.09,71,100,3.53,PG,2022-01-30 01:19:11
477,Aripuana,-9.1667,-60.6333,71.37,99,100,1.95,BR,2022-01-30 01:19:11
478,Dharmavaram,14.4333,77.7167,66.74,84,9,2.33,IN,2022-01-30 01:19:11
479,Pedras De Fogo,-7.4019,-35.1164,75.83,86,96,4.29,BR,2022-01-30 01:19:12
480,Talitay,7.0333,124.7,83.44,68,100,0.47,PH,2022-01-30 01:19:12
481,Tabou,4.423,-7.3528,78.66,87,7,4.16,CI,2022-01-30 01:18:15
482,Sembe,1.6481,14.5806,70.07,35,100,0.34,CG,2022-01-30 01:19:13
483,Abdulino,53.7,53.6667,10.62,96,100,6.33,RU,2022-01-30 01:19:13
484,Shalya,57.2471,58.7298,-1.62,99,98,2.44,RU,2022-01-30 01:19:13
485,Te Anau,-45.4167,167.7167,57.42,93,100,0.72,NZ,2022-01-30 01:18:08
486,Honiara,-9.4333,159.95,85.89,68,100,5.37,SB,2022-01-30 01:19:14
487,Noumea,-22.2763,166.4572,85.98,99,35,15.9,NC,2022-01-30 01:19:14
488,Baoqing,46.3317,132.2111,5.05,84,100,7.09,CN,2022-01-30 01:19:14
489,Wanning,18.8003,110.3967,59.59,92,100,7.61,CN,2022-01-30 01:19:14
490,Fukue,32.6881,128.8419,48.56,46,75,9.22,JP,2022-01-30 01:19:15
491,Sergeyevka,53.88,67.4158,3.52,97,100,6.2,KZ,2022-01-30 01:19:15
492,Road Town,18.4167,-64.6167,75.0,78,20,3.44,VG,2022-01-30 01:18:58
493,Garmsar,35.2182,52.3409,37.72,34,0,6.15,IR,2022-01-30 01:19:15
494,Mabaruma,8.2,-59.7833,71.04,86,11,3.24,GY,2022-01-30 01:19:16
495,Yabrud,33.9674,36.6574,29.86,92,100,3.67,SY,2022-01-30 01:19:16
496,Ust-Nera,64.5667,143.2,-16.11,100,70,1.23,RU,2022-01-30 01:19:17
497,Sao Miguel Do Araguaia,-13.275,-50.1628,70.7,95,100,5.57,BR,2022-01-30 01:19:17
498,Ekhabi,53.5102,142.9671,-5.4,91,64,9.78,RU,2022-01-30 01:19:17
499,Benguela,-12.5763,13.4055,76.78,83,100,4.43,AO,2022-01-30 01:19:18
500,Kulebaki,55.4133,42.5325,17.96,96,100,2.84,RU,2022-01-30 01:19:18
501,Suntar,62.1444,117.6319,-14.76,97,100,5.17,RU,2022-01-30 01:19:18
502,Nacogdoches,31.6002,-94.6335,55.58,55,0,0.0,US,2022-01-30 01:19:18
503,Yalta,44.5,34.1667,33.78,77,16,5.73,UA,2022-01-30 01:19:19
504,Hochstadt,49.2475,8.2089,47.53,88,100,3.0,DE,2022-01-30 01:19:19
505,Nichinan,31.6,131.3667,47.88,80,100,7.7,JP,2022-01-30 01:19:20
506,Coquimbo,-29.9533,-71.3436,64.13,82,0,6.91,CL,2022-01-30 01:14:11
507,Oranjemund,-28.55,16.4333,65.21,86,78,7.25,NA,2022-01-30 01:19:20
508,Los Algarrobos,8.5,-82.4333,81.01,69,20,8.05,PA,2022-01-30 01:19:09
509,Brae,60.3964,-1.353,39.11,61,78,28.68,GB,2022-01-30 01:18:01
510,Tabora,-5.0167,32.8,64.38,89,100,3.96,TZ,2022-01-30 01:19:21
511,Hay River,60.8156,-115.7999,-4.02,77,100,9.22,CA,2022-01-30 01:19:21
512,Kendari,-3.945,122.4989,81.72,74,100,2.84,ID,2022-01-30 01:19:22
513,San Jeronimo,-11.9472,-75.2829,48.94,89,100,3.09,PE,2022-01-30 01:18:12
514,Westerland,54.9079,8.3033,43.93,70,100,39.12,DE,2022-01-30 01:19:22
515,Bonanza,14.0289,-84.591,71.33,79,7,4.43,NI,2022-01-30 01:19:22
516,Sakata,38.9167,139.855,33.98,69,75,17.27,JP,2022-01-30 01:19:23
517,Nyurba,63.2842,118.3319,-22.61,99,87,4.65,RU,2022-01-30 01:19:20
518,Chapais,49.7834,-74.8492,-22.22,99,6,2.59,CA,2022-01-30 01:18:47
519,Pitimbu,-7.4706,-34.8086,77.59,81,86,7.38,BR,2022-01-30 01:19:23
520,Arlit,18.7369,7.3853,61.45,16,1,7.36,NE,2022-01-30 01:17:57
521,Feldkirchen An Der Donau,48.3452,14.0513,47.28,77,75,24.16,AT,2022-01-30 01:19:23
522,Nishihara,26.1842,127.7558,64.06,94,100,8.05,JP,2022-01-30 01:19:02
523,Romny,50.751,33.4747,20.57,95,100,10.8,UA,2022-01-30 01:19:24
524,Mount Gambier,-37.8333,140.7667,69.71,73,100,8.05,AU,2022-01-30 01:17:42
525,Xai-Xai,-25.0519,33.6442,74.48,88,100,5.32,MZ,2022-01-30 01:19:25
526,Dzhebariki-Khaya,62.2167,135.8,-32.91,98,88,1.88,RU,2022-01-30 01:19:25
527,Fairlie,55.756,-4.8556,41.0,88,88,1.01,GB,2022-01-30 01:18:46
528,Rocha,-34.4833,-54.3333,64.04,84,2,8.61,UY,2022-01-30 01:18:47
529,Dire,12.2833,-10.9667,77.79,19,4,3.2,ML,2022-01-30 01:19:25
530,Rosetown,51.5501,-108.0014,22.98,86,100,6.91,CA,2022-01-30 01:19:26
531,Si Racha,13.1737,100.9311,85.95,85,12,5.5,TH,2022-01-30 01:19:26
532,Campbell River,50.0163,-125.2446,40.53,93,100,10.36,CA,2022-01-30 01:16:04
533,Talnakh,69.4865,88.3972,-2.79,96,100,9.04,RU,2022-01-30 01:19:26
534,Kerrville,30.0474,-99.1403,53.46,32,0,4.61,US,2022-01-30 01:19:27
535,Prainha,-1.8,-53.48,71.96,99,100,2.62,BR,2022-01-30 01:19:27
536,Turukhansk,65.8167,87.9833,1.27,96,100,9.1,RU,2022-01-30 01:19:27
537,Sobolevo,54.4299,31.8996,23.05,92,100,17.54,RU,2022-01-30 01:18:49
538,Vardo,70.3705,31.1107,22.71,79,96,1.77,NO,2022-01-30 01:18:29
539,Acarau,-2.8856,-40.12,78.69,76,100,10.22,BR,2022-01-30 01:17:45
540,Cefalu,38.0386,14.0229,50.54,63,8,1.01,IT,2022-01-30 01:19:28
541,Yar-Sale,66.8333,70.8333,-9.9,98,84,8.41,RU,2022-01-30 01:17:38
542,Acari,-15.4311,-74.6158,72.07,77,100,5.06,PE,2022-01-30 01:19:28
543,Sheopur,25.6667,76.7,52.86,49,0,2.39,IN,2022-01-30 01:19:29
544,Ballina,-28.8667,153.5667,82.58,80,82,10.71,AU,2022-01-30 01:18:50
545,Manado,1.487,124.8455,86.77,70,20,4.61,ID,2022-01-30 01:19:29
546,Panama City,8.9936,-79.5197,79.38,77,20,8.05,PA,2022-01-30 01:19:29
547,El Vigia,8.6219,-71.6506,76.66,75,83,5.01,VE,2022-01-30 01:19:30
548,Biltine,14.5333,20.9167,61.23,15,1,10.65,TD,2022-01-30 01:19:30
549,Sinnamary,5.3833,-52.95,75.87,87,18,7.67,GF,2022-01-30 01:19:31
550,Povenets,62.8487,34.8262,13.91,94,100,11.18,RU,2022-01-30 01:19:31
551,Halifax,44.6453,-63.5724,32.49,100,100,5.01,CA,2022-01-30 01:15:30
552,High Level,58.5169,-117.136,14.11,92,100,6.91,CA,2022-01-30 01:19:31
553,Soyo,-6.1349,12.3689,78.49,86,100,3.91,AO,2022-01-30 01:19:32
554,Guerrero Negro,27.9769,-114.0611,64.24,41,2,13.15,MX,2022-01-30 01:14:45
555,Harper,4.375,-7.7169,78.8,87,10,5.86,LR,2022-01-30 01:17:49
556,Maceio,-9.6658,-35.7353,78.24,83,40,2.3,BR,2022-01-30 01:19:22
557,Nabire,-3.3667,135.4833,83.93,66,100,0.94,ID,2022-01-30 01:19:32
558,Salinas,36.6777,-121.6555,63.41,55,0,6.91,US,2022-01-30 01:16:08
559,Kongsberg,59.6652,9.6465,40.41,60,3,1.01,NO,2022-01-30 01:19:33
560,Sinjai,-5.1241,120.253,82.81,72,100,1.88,ID,2022-01-30 01:19:33
561,Turka,49.1541,23.0297,31.8,92,100,17.25,UA,2022-01-30 01:19:33
562,Naryan-Mar,67.6713,53.087,16.03,94,100,15.1,RU,2022-01-30 01:19:34
563,Ushtobe,45.2514,77.9838,26.96,94,100,7.05,KZ,2022-01-30 01:19:34
564,Havelock,34.8791,-76.9013,31.95,61,0,5.01,US,2022-01-30 01:19:29
565,Curup,-3.4667,102.5333,71.83,94,100,1.01,ID,2022-01-30 01:19:34
566,Badiraguato,25.3667,-107.5167,71.71,35,2,3.13,MX,2022-01-30 01:19:35
567,Kouroussa,10.65,-9.8833,75.56,20,62,4.83,GN,2022-01-30 01:19:35
568,Muriwai Beach,-36.8167,174.45,78.87,52,91,6.44,NZ,2022-01-30 01:19:35
569,Huarmey,-10.0681,-78.1522,70.97,82,22,9.48,PE,2022-01-30 01:18:37
570,Saint-Denis,48.9167,2.3333,49.75,94,100,4.0,FR,2022-01-30 01:19:36
571,Mumford,5.2618,-0.759,78.4,90,10,2.35,GH,2022-01-30 01:14:57
572,Maputo,-25.9653,32.5892,73.08,94,75,8.99,MZ,2022-01-30 01:19:36
573,Florianopolis,-27.6146,-48.5012,72.63,94,75,10.36,BR,2022-01-30 01:19:36
574,Teya,60.3778,92.6267,-1.5,100,99,2.77,RU,2022-01-30 01:19:37
575,Klaksvik,62.2266,-6.589,32.92,63,100,13.67,FO,2022-01-30 01:18:16
576,Carora,10.1755,-70.0827,77.38,65,60,6.62,VE,2022-01-30 01:19:37
577,Shingu,33.7333,135.9833,45.59,45,100,3.98,JP,2022-01-30 01:17:43
578,Sur,22.5667,59.5289,69.85,51,5,2.53,OM,2022-01-30 01:17:46
579,Meadow Lake,34.8014,-106.5436,44.08,30,81,1.45,US,2022-01-30 01:19:38
580,Ippy,6.2679,21.2247,70.83,27,8,5.97,CF,2022-01-30 01:19:38
581,Kjollefjord,70.9457,27.3465,19.2,81,75,4.79,NO,2022-01-30 01:19:38
582,Moranbah,-22.0016,148.0466,83.77,54,96,14.56,AU,2022-01-30 01:15:15
583,Hanstholm,57.1167,8.6167,42.75,68,6,51.9,DK,2022-01-30 01:19:39
584,Puerto Colombia,10.9878,-74.9547,78.89,77,27,19.01,CO,2022-01-30 01:19:39
585,Alvinopolis,-20.1067,-43.0489,69.17,92,100,2.53,BR,2022-01-30 01:19:40
586,Nouadhibou,20.931,-17.0347,62.58,82,100,16.11,MR,2022-01-30 01:19:40
587,Dubbo,-32.25,148.6167,86.13,48,40,6.91,AU,2022-01-30 01:18:55
588,Havre-Saint-Pierre,50.2334,-63.5986,9.19,85,100,28.77,CA,2022-01-30 01:18:52
589,Atikokan,48.7555,-91.6216,13.8,96,96,5.79,CA,2022-01-30 01:19:40
590,Bonnyville,54.2668,-110.735,21.0,96,100,3.87,CA,2022-01-30 01:19:41
591,Karasburg,-28.0167,18.75,79.52,37,100,10.78,NA,2022-01-30 01:19:41
592,Bow Island,49.8668,-111.3684,38.41,41,100,5.75,CA,2022-01-30 01:15:02
593,Port Hedland,-20.3167,118.5667,89.65,58,87,19.57,AU,2022-01-30 01:18:01
594,Tulsipur,28.131,82.2973,45.66,73,0,3.33,NP,2022-01-30 01:19:42
595,Baoning,25.3378,110.026,40.86,75,75,11.18,CN,2022-01-30 01:19:42
596,Acapulco,16.8634,-99.8901,80.42,78,20,6.91,MX,2022-01-30 01:17:55
597,Charlottetown,46.2352,-63.1267,32.77,82,100,17.0,CA,2022-01-30 01:19:42
598,Tshikapa,-6.4167,20.8,71.71,91,100,0.4,CD,2022-01-30 01:19:43
599,Canaries,28.0,-15.5,54.39,47,0,6.91,ES,2022-01-30 01:19:43
600,Palauig,15.435,119.9045,80.98,77,64,7.81,PH,2022-01-30 01:19:43
601,Lavrentiya,65.5833,-171.0,-2.2,86,3,3.51,RU,2022-01-30 01:19:07
602,Peniche,39.3558,-9.3811,56.68,47,8,8.66,PT,2022-01-30 01:19:44
603,Marzuq,14.4,46.4667,58.69,77,10,3.4,YE,2022-01-30 01:18:11
604,Port Keats,-14.25,129.55,83.71,81,98,19.01,AU,2022-01-30 01:18:03
605,Catia La Mar,10.6038,-67.0303,82.6,69,20,0.0,VE,2022-01-30 01:19:44
606,Ketchikan,55.3422,-131.6461,39.67,93,100,10.36,US,2022-01-30 01:17:39
607,Pacific Grove,36.6177,-121.9166,63.01,65,0,1.01,US,2022-01-30 01:18:23
608,Stephenville Crossing,48.5,-58.4318,35.73,87,100,37.98,CA,2022-01-30 01:19:45
609,Bria,6.5423,21.9863,66.13,29,1,5.37,CF,2022-01-30 01:19:45
610,Itoman,26.1247,127.6694,64.78,92,75,12.66,JP,2022-01-30 01:19:45
611,Lagos,6.5833,3.75,75.52,33,98,4.09,NG,2022-01-30 01:17:43
612,Sovetskaya Gavan,48.9723,140.2878,0.73,63,6,8.93,RU,2022-01-30 01:19:46
613,Puerto Escondido,15.85,-97.0667,81.43,65,40,0.0,MX,2022-01-30 01:19:46
614,Tessalit,20.1986,1.0114,66.04,16,81,10.87,ML,2022-01-30 01:19:46
615,Ossora,59.2353,163.0719,23.14,89,100,26.13,RU,2022-01-30 01:18:13
616,The Valley,18.217,-63.0578,77.09,70,4,6.76,AI,2022-01-30 01:17:44
617,Nanakuli,21.3906,-158.1547,80.11,53,40,9.22,US,2022-01-30 01:17:55
618,Bradford,53.7939,-1.7521,40.62,83,10,7.2,GB,2022-01-30 01:16:37
619,Hualmay,-11.0964,-77.6139,70.27,83,35,9.46,PE,2022-01-30 01:19:47
620,Vilyuysk,63.7553,121.6247,-20.15,99,88,5.3,RU,2022-01-30 01:18:10
621,Newton,42.337,-71.2092,14.56,88,100,4.0,US,2022-01-30 01:19:48
622,Eseka,3.65,10.7667,74.84,93,81,2.53,CM,2022-01-30 01:19:48
623,Port Maria,18.3685,-76.8895,78.76,92,4,7.43,JM,2022-01-30 01:19:48
624,West Odessa,31.8424,-102.4988,54.68,21,0,4.61,US,2022-01-30 01:19:48
625,Ulladulla,-35.35,150.4667,82.87,64,57,8.05,AU,2022-01-30 01:15:16
626,Doha,25.2867,51.5333,60.69,70,0,11.5,QA,2022-01-30 01:19:49
627,Bambanglipuro,-7.95,110.2833,80.62,79,100,3.31,ID,2022-01-30 01:19:49
628,Diego De Almagro,-26.3667,-70.05,62.46,59,0,3.94,CL,2022-01-30 01:19:50
629,Hambantota,6.1241,81.1185,76.95,84,10,7.47,LK,2022-01-30 01:18:54
630,Maningrida,-12.0667,134.2667,81.86,78,100,15.37,AU,2022-01-30 01:19:50
631,Kibondo,-3.5864,30.7203,60.04,95,100,2.13,TZ,2022-01-30 01:19:51
632,Padang,-0.9492,100.3543,75.25,93,100,5.55,ID,2022-01-30 01:18:32
633,Los Llanos De Aridane,28.6585,-17.9182,58.75,75,100,10.0,ES,2022-01-30 01:18:55
634,Teguise,29.0605,-13.564,62.82,72,0,13.8,ES,2022-01-30 01:19:02
635,Benjamin Aceval,-24.9667,-57.5667,78.94,46,0,4.99,PY,2022-01-30 01:19:51
636,Dordrecht,51.81,4.6736,46.06,79,8,5.01,NL,2022-01-30 01:19:51
637,Manvi,15.9833,77.05,63.45,48,100,3.8,IN,2022-01-30 01:19:52
638,Gweta,-20.1833,25.2333,71.74,79,100,13.96,BW,2022-01-30 01:19:52
639,Nezlobnaya,44.1181,43.4028,24.49,76,99,3.24,RU,2022-01-30 01:19:52
640,Olga,43.7444,135.2892,11.41,48,7,12.88,RU,2022-01-30 01:19:53
641,Bratsk,56.1325,101.6142,-5.31,100,93,2.19,RU,2022-01-30 01:19:53
642,Mucurici,-18.0933,-40.5158,74.19,88,100,7.52,BR,2022-01-30 01:19:53
643,Nivala,63.9167,24.9667,25.68,94,100,7.99,FI,2022-01-30 01:19:54
644,Wanxian,30.8039,108.3897,43.3,81,79,2.21,CN,2022-01-30 01:19:54
645,Kongolo,-5.3833,27.0,69.64,94,100,0.83,CD,2022-01-30 01:19:54
646,Koungheul,13.9833,-14.8,77.97,14,92,8.99,SN,2022-01-30 01:19:54
647,Podor,16.6527,-14.9587,74.39,20,100,13.98,MR,2022-01-30 01:19:55
648,Traverse City,44.7631,-85.6206,21.31,76,100,6.91,US,2022-01-30 01:18:41
649,College,64.8569,-147.8028,-6.14,73,20,0.0,US,2022-01-30 01:19:06
650,Taoudenni,22.6783,-3.9836,72.5,12,100,13.09,ML,2022-01-30 01:19:55
651,Starkville,33.4504,-88.8184,35.26,50,0,5.68,US,2022-01-30 01:19:42
652,Tablas,6.6292,122.1747,81.59,72,66,3.27,PH,2022-01-30 01:19:56
653,Teknaf,20.8624,92.3058,55.6,71,0,6.8,BD,2022-01-30 01:17:50
654,Ercis,39.0287,43.3586,22.6,94,100,4.21,TR,2022-01-30 01:19:56
655,Bacolod,10.6667,122.95,81.82,76,10,3.71,PH,2022-01-30 01:15:38
656,Taos,36.4072,-105.5731,34.21,51,0,3.0,US,2022-01-30 01:19:57
657,Oksfjord,70.2396,22.3479,25.72,85,71,3.76,NO,2022-01-30 01:19:57
658,Novo Aripuana,-5.1206,-60.3797,71.71,100,100,0.43,BR,2022-01-30 01:19:57
659,Rancho Palos Verdes,33.7445,-118.387,67.19,39,75,1.01,US,2022-01-30 01:19:58
660,Deputatskiy,69.3,139.9,-19.79,96,99,2.15,RU,2022-01-30 01:18:16
661,Hornepayne,49.2138,-84.7705,7.79,98,100,3.2,CA,2022-01-30 01:19:58
662,Lodwar,3.1191,35.5973,80.87,44,17,5.99,KE,2022-01-30 01:19:58
663,Sibu,2.3,111.8167,80.91,89,20,0.0,MY,2022-01-30 01:19:59
